Doctor ID,Password,Role
D001,5e884898da28047151d0e56f8dc6292773603d0d6aabbdd62a11ef721d1542d8,Doctor
D002,5e884898da28047151d0e56f8dc6292773603d0d6aabbdd62a11ef721d1542d8,Doctor
D003,5e884898da28047151d0e56f8dc6292773603d0d6aabbdd62a11ef721d1542d8,Doctor
D004,5e884898da28047151d0e56f8dc6292773603d0d6aabbdd62a11ef721d1542d8,Doctor
D005,5e884898da28047151d0e56f8dc6292773603d0d6aabbdd62a11ef721d1542d8,Doctor
D006,5e884898da28047151d0e56f8dc6292773603d0d6aabbdd62a11ef721d1542d8,Doctor
D007,5e884898da28047151d0e56f8dc6292773603d0d6aabbdd62a11ef721d1542d8,Doctor
D008,5e884898da28047151d0e56f8dc6292773603d0d6aabbdd62a11ef721d1542d8,Doctor
D009,5e884898da28047151d0e56f8dc6292773603d0d6aabbdd62a11ef721d1542d8,Doctor
D009,5e884898da28047151d0e56f8dc6292773603d0d6aabbdd62a11ef721d1542d8,Doctor
D010,5e884898da28047151d0e56f8dc6292773603d0d6aabbdd62a11ef721d1542d8,Doctor
D008,5e884898da28047151d0e56f8dc6292773603d0d6aabbdd62a11ef721d1542d8,Doctor
D009,5e884898da28047151d0e56f8dc6292773603d0d6aabbdd62a11ef721d1542d8,Doctor
D010,5e884898da28047151d0e56f8dc6292773603d0d6aabbdd62a11ef721d1542d8,Doctor
