Patient ID,Password,Role
P1001,5e884898da28047151d0e56f8dc6292773603d0d6aabbdd62a11ef721d1542d8,Patient
P1002,5e884898da28047151d0e56f8dc6292773603d0d6aabbdd62a11ef721d1542d8,Patient
P1003,5e884898da28047151d0e56f8dc6292773603d0d6aabbdd62a11ef721d1542d8,Patient
P1004,5e884898da28047151d0e56f8dc6292773603d0d6aabbdd62a11ef721d1542d8,Patient
P1005,5e884898da28047151d0e56f8dc6292773603d0d6aabbdd62a11ef721d1542d8,Patient
P1006,5e884898da28047151d0e56f8dc6292773603d0d6aabbdd62a11ef721d1542d8,Patient
P1007,5e884898da28047151d0e56f8dc6292773603d0d6aabbdd62a11ef721d1542d8,Patient
P1008,5e884898da28047151d0e56f8dc6292773603d0d6aabbdd62a11ef721d1542d8,Patient
P1009,5e884898da28047151d0e56f8dc6292773603d0d6aabbdd62a11ef721d1542d8,Patient
P1010,a665a45920422f9d417e4867efdc4fb8a04a1f3fff1fa07e998e86f7f7a27ae3,Patient
P1011,5e884898da28047151d0e56f8dc6292773603d0d6aabbdd62a11ef721d1542d8,Patient
P1012,5e884898da28047151d0e56f8dc6292773603d0d6aabbdd62a11ef721d1542d8,Patient
P1013,5e884898da28047151d0e56f8dc6292773603d0d6aabbdd62a11ef721d1542d8,Patient
P1014,5e884898da28047151d0e56f8dc6292773603d0d6aabbdd62a11ef721d1542d8,Patient
P1015,5e884898da28047151d0e56f8dc6292773603d0d6aabbdd62a11ef721d1542d8,Patient
P1016,a665a45920422f9d417e4867efdc4fb8a04a1f3fff1fa07e998e86f7f7a27ae3,Patient
P1017,5e884898da28047151d0e56f8dc6292773603d0d6aabbdd62a11ef721d1542d8,Patient
P1018,5e884898da28047151d0e56f8dc6292773603d0d6aabbdd62a11ef721d1542d8,Patient
P1019,5e884898da28047151d0e56f8dc6292773603d0d6aabbdd62a11ef721d1542d8,Patient
P1020,5e884898da28047151d0e56f8dc6292773603d0d6aabbdd62a11ef721d1542d8,Patient
